rag_variant,qid,question,prediction,gold_answer,pathway,reliability_score,ndcg_at_3,mrr_at_3,recall_at_3,semantic_similarity,rouge_l,f1_score,latency_seconds,abstained,abstain_was_correct,hypothetical_f1
bm25,17,Income tax exemptions for small business?,"For small businesses, claiming business deductions even if there is no income yet is possible. However, the choice of business structure impacts how these deductions are handled:

- **Company Structure**: You can claim deductions without income, resulting in losses that can be carried forward to future profitable years.
- **Sole Trader/Partnership**: If the business incurs a loss, you can claim these against personal","Yes, you should be able to deduct at least some of these expenses.  For expense incurred before you started the business: What Are Deductible Startup Costs? The IRS defines “startup costs” as deductible capital expenses that are used to pay for: 1) The cost of “investigating the creation or acquisition of an active trade or business.” This includes costs incurred for surveying markets, product analysis, labor supply, visiting potential business locations and similar expenditures. 2) The cost of getting a business ready to operate (before you open your doors or start generating income). These include employee training and wages, consultant fees, advertising, and travel costs associated with finding suppliers, distributors, and customers. These expenses can only be claimed if your research and preparation ends with the formation of a successful business. The IRS has more information on how to claim the expenses if you don’t go into business. https://www.sba.gov/blogs/startup-cost-tax-deductions-how-write-expense-starting-your-business Once your business is underway, you can deduct expenses, but the exact details depend on how you organized.  If you're a sole proprietor for tax purposes, then you'll deduct them on Schedule C of your Form 1040 on your personal tax.  If you are a partnership, C-Corp, or S-Corp, they will be accounted at the business level and either passed on to you on a Schedule K (partnership and S-Corp) or deducted directly by the company (C-Corp). In any case, you will need good records that justify your expenses as business related. It might be well worth at least an initial meeting with a CPA to make sure that you get started on the right foot.",Direct,0.0,0.0,0.0,0.0,0.6600674390792847,0.10919540229885058,0.17210682492581603,10.483143091201782,False,,
bm25,29,Do I need a business credit card?,"Whether you need a business credit card depends on your specific circumstances and goals. It can help establish a business credit history, separate personal and business finances, and provide credibility to clients. However, obtaining a business credit card might be challenging, and the benefits vary by country. Consider opening a separate bank account for your business and possibly a credit card in the business's name to clarify the distinction between personal and","I would suggest at least getting a personal card that you only use for business expenses, even if you don't opt for a business card.  It makes it very clear that expenses on that card are business expenses, and is just more professional.  The same goes for a checking account, if you have one of those.  It makes it easier to defend if you are ever audited, and if you use an accountant or tax preparer.",Direct,0.0,0.5307212739772434,0.5,0.5,0.658225417137146,0.16,0.2533333333333333,9.89471435546875,False,,
bm25,38,Personal credit card for business expenses,"Using a personal credit card for business expenses can be a reasonable practice, especially for sole proprietors. This method clearly separates personal and business finances, making it easier to manage and track expenses. Additionally, personal credit cards often offer better consumer protections compared to business credit cards. However, as the business grows, the issuer might question high charges on a personal card, which could potentially lead to scrutiny or questions","Early on, one might not be able to get credit for their business. For convenience, and the card perks, it makes sense to use the personal card. But for sake of a clean paper trail, I'd choose 1 card and use it exclusively, 100% for the business. Not one card here, one card there.",Direct,0.0,0.7653606369886217,1.0,0.5,0.755297064781189,0.20800000000000002,0.304,9.982507467269897,False,,
bm25,44,Borrow money to invest in a business venture with equity?,"The context provided does not directly address borrowing money to invest in a business venture with equity. However, based on the information given about accredited investors, if an individual wants to be considered an accredited investor to potentially borrow and invest in a business venture with equity, they would need to meet certain criteria such as having individual net worth (excluding primary residence) of at least $1 million, or making a net","It's clearly a risk, but is it any different than investing in your own business? Yes, it is different.  If you own a business, you determine the path of the business.  You determine how much risk the business takes.  You can put in extra effort to try to make the business work.  You can choose to liquidate to preserve your capital.   If you invest without ownership, perhaps the founder retains a 50% plus one share stake, then whomever controls the business controls all those things.  So you have all the risks of owning the business (in terms of things going wrong) without the control to make things go right.  This makes investing in someone else's business inherently riskier.   Another problem that can occur is that you could find out that the business is fraudulent.  Or the business can become fraudulent.  Neither of those are risks if you are the business owner.  You won't defraud yourself.   Angel investing, that is to say investing in someone else's startup, is inherently risky.  This is why it is difficult to find investors, even though some startups go on to become fabulously wealthy (Google, YouTube, Facebook, Twitter, etc.).  Most startups fail.  They offer the possibility of great returns because it's really hard to determine which ones will fail and which will succeed.  Otherwise the business would just take out the same loan that Jane's getting, and leave Jane out of it.",Direct,0.0,0.0,0.0,0.0,0.5592265725135803,0.08917197452229299,0.14012738853503184,10.156268119812012,False,,
bm25,55,What's “wrong” with taking money from your own business?,"Taking money from your own business without proper accounting and documentation can be problematic in several ways:

1. **Tax Issues**: Counting the money as a business expense would reduce the company's reported profit and thus its taxes paid, which is considered tax avoidance and could be illegal.

2. **Fraud**: Non-owners counting the money as a business expense would reduce the company’s profit and result in","""I'm no expert on this, but I would say that, if you own the business entirely yourself, there is nothing terribly wrong with using it for your own purposes as you would any other asset that you own.  What is wrong is not keeping accurate records that distinguish between your money and the business's.  As you say, this is wrong strategically, but it can also be dangerous legally, because if you mix your money and the business's money and don't keep track, you could find, for instance, that you've failed to pay the taxes you were supposed to. There is also a concern that might not fall under what people refer to as """"ethics"""" but more """"good corporate citizenship"""".  Basically, people tend not to like companies that just shovel all their gains into the owners' pockets.  This is especially true if there are ways the money could be used to improve the business.  In other words, if you're able to live high on the hog with the profits while paying all your employees a pittance, the public may not look favorably on your business.""",Direct,0.0,0.7653606369886217,1.0,0.6666666666666666,0.7350946068763733,0.13178294573643412,0.2412451361867704,10.380724906921387,False,,
bm25,60,Can Health-Releated Services be a Business Expense?,"Health-related services can potentially be considered a business expense if they meet the criteria of being both ordinary and necessary for the business. However, the context provided does not support meditation as a deductible business expense due to it not being considered an ordinary or necessary expense for most businesses. The same logic would apply to other health-related services unless they directly relate to the operations of the business in a way that qualifies them","Chris, since you own your own company, nobody can stop you from charging your personal expenses to your business account. IRS is not a huge fan of mixing business and personal expenses and this practice might indicate to them that you are not treating your business seriously, and it should classify your business as a hobby. IRS defines deductible business expense as being both: ordinary AND necessary. Meditation is not an ordinary expense (other S-corps do not incur such expense.) It is not a necessary expense either. Therefore, you cannot deduct this expense. http://www.irs.gov/Businesses/Small-Businesses-&-Self-Employed/Deducting-Business-Expenses",Direct,0.0,1.0,1.0,1.0,0.6353846788406372,0.19672131147540983,0.36363636363636365,11.073667049407959,False,,
bm25,77,Can the IRS freeze a business Bank account?,"The IRS can freeze a business bank account under certain circumstances, primarily through a summons or a court order. The IRS may seek to obtain information or assets from a business bank account if there is evidence of tax evasion, failure to file tax returns, or other tax-related violations. If the IRS believes that a business has unreported income or unpaid taxes, they may issue a summons to the financial institution to","If the business is legally separated and not commingled - they probably cannot. What they can do is put a lien on it (so that you cannot sell the business) and garnish your income. If the corporate veil is pierced (and its not that hard to have it pierced if you're not careful) - then they can treat it as if it is your personal asset. Verify this with a lawyer licensed in your state, I'm not a lawyer or a tax professional.",Direct,0.0,0.0,0.0,0.0,0.4580361545085907,0.15384615384615383,0.24203821656050956,11.252810001373291,False,,
