rag_variant,qid,question,prediction,gold_answer,pathway,reliability_score,ndcg_at_3,mrr_at_3,recall_at_3,precision_at_3,hit_rate_at_3,semantic_similarity,rouge_l,f1_score,bleu,exact_match,faithfulness,hallucination_rate,latency_seconds,abstained,abstain_was_correct,hypothetical_f1
vanilla,17,Income tax exemptions for small business?,"Income tax exemptions for small businesses vary depending on the structure chosen. For a company structure, losses can be carried forward to offset future profits, allowing the business to remain loss-making until profitable without immediate income tax liability. For sole trader or partnership structures, losses can also be claimed against income, but if the business incurs a loss, there is no immediate income tax exemption; instead, the loss reduces the owner's taxable income. There are no general income tax exemptions for small businesses; rather, the","Yes, you should be able to deduct at least some of these expenses.  For expense incurred before you started the business: What Are Deductible Startup Costs? The IRS defines “startup costs” as deductible capital expenses that are used to pay for: 1) The cost of “investigating the creation or acquisition of an active trade or business.” This includes costs incurred for surveying markets, product analysis, labor supply, visiting potential business locations and similar expenditures. 2) The cost of getting a business ready to operate (before you open your doors or start generating income). These include employee training and wages, consultant fees, advertising, and travel costs associated with finding suppliers, distributors, and customers. These expenses can only be claimed if your research and preparation ends with the formation of a successful business. The IRS has more information on how to claim the expenses if you don’t go into business. https://www.sba.gov/blogs/startup-cost-tax-deductions-how-write-expense-starting-your-business Once your business is underway, you can deduct expenses, but the exact details depend on how you organized.  If you're a sole proprietor for tax purposes, then you'll deduct them on Schedule C of your Form 1040 on your personal tax.  If you are a partnership, C-Corp, or S-Corp, they will be accounted at the business level and either passed on to you on a Schedule K (partnership and S-Corp) or deducted directly by the company (C-Corp). In any case, you will need good records that justify your expenses as business related. It might be well worth at least an initial meeting with a CPA to make sure that you get started on the right foot.",Direct,0.0,0.0,0.0,0.0,0.0,0.0,0.47436806559562683,0.10723860589812333,0.18384401114206128,0.00144207149580337,0.0,0.6686204671859741,0.3313795328140259,11.617348670959473,False,,
vanilla,29,Do I need a business credit card?,"Whether you need a business credit card depends on your specific needs and circumstances. While it can help build a credit score for your business and provide credibility with clients, especially in certain industries, it may not always be necessary or easy to obtain. 

Using a personal credit card exclusively for business expenses can simplify record-keeping and establish a clear separation between personal and business finances. However, if you want to further formalize your business structure and potentially improve your business's credit standing, opening a business bank account","I would suggest at least getting a personal card that you only use for business expenses, even if you don't opt for a business card.  It makes it very clear that expenses on that card are business expenses, and is just more professional.  The same goes for a checking account, if you have one of those.  It makes it easier to defend if you are ever audited, and if you use an accountant or tax preparer.",Direct,0.0,0.23463936301137822,0.3333333333333333,0.25,0.3333333333333333,1.0,0.7067726850509644,0.1916167664670659,0.2891566265060241,0.021272704917021386,0.0,0.7489035129547119,0.2510964870452881,11.023163795471191,False,,
vanilla,38,Personal credit card for business expenses,"Using a personal credit card for business expenses can offer better consumer protections compared to business cards. It also helps maintain a clear distinction between personal and business finances, which can be beneficial during audits or when working with an accountant or tax preparer. However, as your business grows, the issuer may scrutinize high charges on a personal card, potentially leading them to question the nature of these expenses. For added clarity and protection, consider using a separate personal card specifically for business expenses.","Do you have a separate bank account for your business?  That is generally highly recommended. I have a credit card for my single-member LLC.  I prefer it this way because it makes the separation of personal and business expenses very clear. Using a personal credit card, but using it for only business expenses seems to be a reasonable practice.  You may be able to do one better though... For your sole proprietorship, you can file a DBA which establishes the business name.  The details of this depend on your state.  With a DBA, I believe you can open a bank account in the name of your business and you may also be able to open a credit card account in the name of the business.  I'm not sure what practical difference it makes, but it does make the personal/business distinction clearer.  Though, at that point, you might as well just do the LLC...",Direct,0.0,0.46927872602275644,1.0,0.25,0.3333333333333333,1.0,0.6183186173439026,0.18333333333333332,0.3765690376569037,0.04366716494798854,0.0,0.8879139423370361,0.11208605766296387,10.55284571647644,False,,
vanilla,44,Borrow money to invest in a business venture with equity?,"Borrowing money to invest in a business venture with equity involves taking on debt alongside equity investment. This approach can provide additional capital to fund the venture while spreading the financial risk between the lender and the investor. However, it also increases the complexity of the investment structure and the potential for conflict, especially regarding decision-making and profit sharing. It's important to carefully consider the terms of the loan, including interest rates, repayment schedules, and any covenants or restrictions placed on the borrower. Additionally,","It's clearly a risk, but is it any different than investing in your own business? Yes, it is different.  If you own a business, you determine the path of the business.  You determine how much risk the business takes.  You can put in extra effort to try to make the business work.  You can choose to liquidate to preserve your capital.   If you invest without ownership, perhaps the founder retains a 50% plus one share stake, then whomever controls the business controls all those things.  So you have all the risks of owning the business (in terms of things going wrong) without the control to make things go right.  This makes investing in someone else's business inherently riskier.   Another problem that can occur is that you could find out that the business is fraudulent.  Or the business can become fraudulent.  Neither of those are risks if you are the business owner.  You won't defraud yourself.   Angel investing, that is to say investing in someone else's startup, is inherently risky.  This is why it is difficult to find investors, even though some startups go on to become fabulously wealthy (Google, YouTube, Facebook, Twitter, etc.).  Most startups fail.  They offer the possibility of great returns because it's really hard to determine which ones will fail and which will succeed.  Otherwise the business would just take out the same loan that Jane's getting, and leave Jane out of it.",Direct,0.0,1.0,1.0,1.0,0.3333333333333333,1.0,0.6612016558647156,0.14634146341463414,0.20183486238532108,0.002024549915702622,0.0,0.6390730738639832,0.36092692613601685,11.560979127883911,False,,
vanilla,55,What's “wrong” with taking money from your own business?,"Taking money from your own business without proper tracking and record-keeping can be dangerous legally, as it may lead to failing to pay required taxes. It can also be seen negatively by stakeholders who may perceive the business as not reinvesting adequately in itself or its employees. Additionally, mixing personal and business finances can create legal issues and may indicate poor financial management.","If you are the only owner: then morally there is nothing wrong with this, as long as you make sure that everything is tracked so that you pay the proper taxes from the correct entity. The danger for you and your business is if the transfers aren't planned. Because you may not be re-investing enough of the profits back into the company. That means that the equipment may be aging but you aren't replacing it, it can also mean that you aren't spending enough on business development.  If you pay yourself so much that you bankrupt the company that isn't good. If you live the good life but starve the employees and they realize it, or if you starve the business and the employees realize it; then you might have a problem motivating and retaining employees.",Direct,0.0,0.7653606369886217,1.0,0.6666666666666666,0.6666666666666666,1.0,0.7215132713317871,0.1268292682926829,0.24630541871921185,0.00792789004265131,0.0,0.7805130481719971,0.21948695182800293,9.070688962936401,False,,
vanilla,60,Can Health-Releated Services be a Business Expense?,"Health-related services generally need to meet the criteria of being both ordinary and necessary to be considered a deductible business expense according to the IRS. If the health-related service directly benefits the business (such as providing health insurance for employees), it may qualify. However, if it is primarily for personal use, it likely does not qualify as a deductible business expense. For specific guidance, consult the IRS publication or a tax professional.","Chris, since you own your own company, nobody can stop you from charging your personal expenses to your business account. IRS is not a huge fan of mixing business and personal expenses and this practice might indicate to them that you are not treating your business seriously, and it should classify your business as a hobby. IRS defines deductible business expense as being both: ordinary AND necessary. Meditation is not an ordinary expense (other S-corps do not incur such expense.) It is not a necessary expense either. Therefore, you cannot deduct this expense. http://www.irs.gov/Businesses/Small-Businesses-&-Self-Employed/Deducting-Business-Expenses",Direct,0.0,1.0,1.0,1.0,0.3333333333333333,1.0,0.5145503282546997,0.1777777777777778,0.31213872832369943,0.06114025901445269,0.0,0.529119610786438,0.470880389213562,9.752413988113403,False,,
vanilla,77,Can the IRS freeze a business Bank account?,"The context provided does not mention the IRS freezing a business bank account. Generally, the IRS has the authority to levy and seize assets to collect unpaid taxes, which could include bank accounts. However, specific procedures and requirements must be followed. For accurate information, consulting with a tax professional or a lawyer licensed in your state is recommended.","If the business is legally separated and not commingled - they probably cannot. What they can do is put a lien on it (so that you cannot sell the business) and garnish your income. If the corporate veil is pierced (and its not that hard to have it pierced if you're not careful) - then they can treat it as if it is your personal asset. Verify this with a lawyer licensed in your state, I'm not a lawyer or a tax professional.",Direct,0.0,0.6309297535714575,0.5,1.0,0.3333333333333333,1.0,0.46234071254730225,0.19858156028368792,0.29370629370629375,0.08109672297211988,0.0,0.4547232985496521,0.5452767014503479,8.700979471206665,False,,
